{
    "dispositivos": {
        "res_proyector_w": 800,
        "res_proyector_h": 600,
        "resolucion_camara_w": 1280,
        "resolucion_camara_h": 720,
        "id_camara": 1
    },
    "marcadores": {
        "ancho_marcador": 200,
        "separacion_al_borde": 50
    },
    "resultados": {
        "matriz_transformacion": [
            [
                1.5259472870296726,
                0.0045035721889784795,
                -185.1604989113997
            ],
            [
                0.01029189128650343,
                1.5180934735797658,
                -27.429063037144115
            ],
            [
                3.5146926252397487e-06,
                1.3399506553769943e-05,
                1.0
            ]
        ]
    }
}