{
    "dispositivos": {
        "res_proyector_w": 800,
        "res_proyector_h": 600,
        "resolucion_camara_w": 1280,
        "resolucion_camara_h": 720,
        "id_camara": 1
    },
    "marcadores": {
        "ancho_marcador": 200,
        "separacion_al_borde": 50
    },
    "resultados": {
        "matriz_transformacion": [
            [
                1.0152608489216093,
                -0.026258815138627996,
                -147.42727891649702
            ],
            [
                -0.027019913024608044,
                1.0419137497475552,
                -70.31117704740531
            ],
            [
                -6.234702810084536e-05,
                -7.457386247535294e-05,
                1.0
            ]
        ]
    }
}