{
    "dispositivos": {
        "forzar_res_proyector_w": 0,
        "forzar_res_proyector_h": 0,
        "resolucion_camara_w": 1280,
        "resolucion_camara_h": 720,
        "id_camara": 1
    },
    "marcadores": {
        "forzar_ancho_marcador": 0,
        "forzar_separacion_al_borde": 0
    },
    "resultados": {
        "matriz_transformacion": [
            [
                1.5032909643498407,
                0.04560758433287865,
                -262.8561867714706
            ],
            [
                0.016624116432206737,
                1.5167500803161968,
                -108.36335847067137
            ],
            [
                1.8258211886723608e-05,
                7.638389471848091e-05,
                1.0
            ]
        ]
    }
}