{
    "dispositivos": {
        "res_proyector_w": 800,
        "res_proyector_h": 600,
        "resolucion_camara_w": 1280,
        "resolucion_camara_h": 720,
        "id_camara": 1
    },
    "marcadores": {
        "ancho_marcador": 150,
        "separacion_al_borde": 30
    },
    "resultados": {
        "matriz_transformacion": [
            [
                1.5392923468307562,
                0.003789039465692953,
                -187.1253024152227
            ],
            [
                0.013578576256486952,
                1.5294258613713796,
                -31.499496811897046
            ],
            [
                1.1070773492273013e-05,
                1.3556976525676799e-05,
                1.0
            ]
        ]
    }
}