{
    "dispositivos": {
        "forzar_res_proyector_w": 0,
        "forzar_res_proyector_h": 0,
        "resolucion_camara_w": 1280,
        "resolucion_camara_h": 720,
        "id_camara": 1
    },
    "marcadores": {
        "forzar_ancho_marcador": 0,
        "forzar_separacion_al_borde": 0
    },
    "resultados": {
        "matriz_transformacion": [
            [
                1.6623472454020525,
                0.09541556827939233,
                -249.30392086339396
            ],
            [
                0.018115224796769414,
                1.6712521853769537,
                -183.20637470850954
            ],
            [
                4.067593619701271e-05,
                0.00011895892571357758,
                1.0
            ]
        ]
    }
}