{
    "dispositivos": {
        "res_proyector_w": 800,
        "res_proyector_h": 600,
        "resolucion_camara_w": 1280,
        "resolucion_camara_h": 720,
        "id_camara": 1
    },
    "marcadores": {
        "ancho_marcador": 200,
        "separacion_al_borde": 50
    },
    "resultados": {
        "matriz_transformacion": [
            [
                1.533109087242534,
                0.004352377798957133,
                -186.2054736376577
            ],
            [
                0.01060508186448439,
                1.5171514292565684,
                -24.354211278728044
            ],
            [
                1.015093039772718e-05,
                1.0032403151635652e-05,
                1.0
            ]
        ]
    }
}