{
    "dispositivos": {
        "forzar_res_proyector_w": 0,
        "forzar_res_proyector_h": 0,
        "resolucion_camara_w": 1280,
        "resolucion_camara_h": 720,
        "id_camara": 1
    },
    "marcadores": {
        "forzar_ancho_marcador": 0,
        "forzar_separacion_al_borde": 0
    },
    "resultados": {
        "matriz_transformacion": [
            [
                1.7084768273330189,
                0.028380143552462656,
                -407.9091114027473
            ],
            [
                0.07753619792128386,
                1.6539793700818457,
                -165.96370955003172
            ],
            [
                0.00011683414676694551,
                7.458675844629337e-05,
                1.0
            ]
        ]
    }
}